chr,rs,ps,n_miss,allele1,allele0,af,logl_H1,l_mle,p_lrt,padj
2,scaffold_2:175365382:G:T,175365382,7,T,G,0.062,-98.30304,1.851208,5.32E-20,1.48E-13
2,scaffold_2:176047831:G:A,176047831,4,A,G,0.06,-98.3918,1.942134,5.82E-20,1.62E-13
2,scaffold_2:174766019:TCATAC:TC,174766019,12,T,TCATA,0.06,-104.5227,1.519187,2.89E-17,8.04E-11
2,scaffold_2:176771167:C:A,176771167,6,A,C,0.058,-104.5772,1.617504,3.06E-17,8.50E-11
2,scaffold_2:179554176:C:T,179554176,5,T,C,0.053,-105.8147,1.643089,1.07E-16,2.98E-10
2,scaffold_2:177775359:T:A,177775359,6,A,T,0.055,-108.3758,1.42791,1.44E-15,4.01E-09
2,scaffold_2:235794217:G:A,235794217,7,G,A,0.322,-122.7623,1.106616,3.41E-09,0.009462442
2,scaffold_2:235794220:T:C,235794220,9,T,C,0.323,-122.7853,1.112468,3.49E-09,0.009688826
2,scaffold_2:231546034:T:C,231546034,10,C,T,0.315,-123.176,1.068899,5.21E-09,0.014476122
2,scaffold_2:235722223:G:T,235722223,8,G,T,0.313,-123.4328,0.9420763,6.79E-09,0.018849555
2,scaffold_2:231309779:G:T,231309779,12,G,T,0.318,-123.6773,0.8664135,8.73E-09,0.024238271
2,scaffold_2:235788600:G:A,235788600,6,G,A,0.32,-123.7341,0.9919415,9.25E-09,0.025696799
2,scaffold_2:235739589:C:T,235739589,10,C,T,0.314,-123.8585,0.9840076,1.05E-08,0.029202917
2,scaffold_2:231244099:A:T,231244099,11,A,T,0.313,-123.8906,0.9013524,1.09E-08,0.030185457
2,scaffold_2:235717750:C:A,235717750,11,C,A,0.329,-123.9308,0.9419464,1.13E-08,0.031457688
2,scaffold_2:235836277:T:A,235836277,9,T,A,0.321,-123.9498,0.9692897,1.15E-08,0.032081505
2,scaffold_2:231305361:T:C,231305361,12,T,C,0.319,-124.0279,0.8988518,1.25E-08,0.034764447
2,scaffold_2:231246678:T:A,231246678,10,T,A,0.319,-124.0895,0.9819258,1.33E-08,0.037041584
2,scaffold_2:231246653:T:A,231246653,10,T,A,0.319,-124.1099,0.9661897,1.36E-08,0.037827537
2,scaffold_2:235796919:C:T,235796919,13,C,T,0.324,-124.115,0.9989202,1.37E-08,0.03802716
2,scaffold_2:235762943:T:G,235762943,7,T,G,0.316,-124.1511,0.9173739,1.42E-08,0.039465579
2,scaffold_2:235709530:G:T,235709530,5,G,T,0.324,-124.1989,1.013124,1.49E-08,0.041454852
2,scaffold_2:235639518:T:C,235639518,10,T,C,0.329,-124.2032,0.9788565,1.50E-08,0.041641002
2,scaffold_2:231309398:C:T,231309398,10,C,T,0.322,-124.2846,1.051784,1.63E-08,0.045279036
2,scaffold_2:235957226:T:C,235957226,5,T,C,0.33,-124.368,1.025748,1.78E-08,0.049339562
2,scaffold_2:235773609:C:A,235773609,6,C,A,0.326,-124.3799,0.9644748,1.80E-08,0.04995076
2,scaffold_2:235780585:T:C,235780585,5,T,C,0.32,-124.4107,0.9035135,1.86E-08,0.051556031
2,scaffold_2:235854100:G:C,235854100,7,G,C,0.317,-124.4161,1.014814,1.87E-08,0.051846064
2,scaffold_2:231949003:T:G,231949003,11,G,T,0.318,-124.4192,1.096952,1.87E-08,0.052014072
2,scaffold_2:231278178:G:A,231278178,12,G,A,0.318,-124.4322,0.9606442,1.90E-08,0.052710915
2,scaffold_2:234980245:G:C,234980245,10,G,C,0.326,-124.4353,1.119765,1.90E-08,0.052880255
2,scaffold_2:231309690:A:C,231309690,12,A,C,0.321,-124.4721,0.8427007,1.98E-08,0.054921626
2,scaffold_2:235871758:T:C,235871758,9,T,C,0.319,-124.4737,0.8366789,1.98E-08,0.055016438
2,scaffold_2:236610175:TGAAG:TG,236610175,13,T,TGAA,0.305,-124.4999,0.9391185,2.03E-08,0.056520259
2,scaffold_2:231309820:T:C,231309820,13,T,C,0.317,-124.504,0.9954912,2.04E-08,0.056756513
2,scaffold_2:236445817:T:C,236445817,11,C,T,0.316,-124.5068,0.9858041,2.05E-08,0.056924351
2,scaffold_2:235871747:T:C,235871747,6,T,C,0.32,-124.5268,0.8560029,2.09E-08,0.058104703
2,scaffold_2:231621715:T:A,231621715,14,A,T,0.316,-124.5452,0.9768456,2.13E-08,0.059220943
2,scaffold_2:236444300:T:A,236444300,7,A,T,0.322,-124.5464,1.109877,2.13E-08,0.059294198
2,scaffold_2:233893250:A:T,233893250,10,T,A,0.322,-124.5749,0.9134296,2.20E-08,0.061057093
2,scaffold_2:234847318:T:A,234847318,11,T,A,0.325,-124.6205,1.010823,2.30E-08,0.063994496
2,scaffold_2:235720405:ATT:AT,235720405,8,AT,A,0.322,-124.6386,0.8556738,2.35E-08,0.065199509
2,scaffold_2:231246493:A:G,231246493,10,A,G,0.321,-124.6688,1.067815,2.42E-08,0.067263006
2,scaffold_2:232425393:C:T,232425393,10,T,C,0.319,-124.6793,1.071488,2.45E-08,0.067994414
2,scaffold_2:231256682:C:T,231256682,14,C,T,0.316,-124.6947,0.9762128,2.49E-08,0.069082204
2,scaffold_2:235779981:T:A,235779981,10,T,A,0.324,-124.6956,1.002654,2.49E-08,0.069141261
2,scaffold_2:231246497:A:T,231246497,12,A,T,0.321,-124.7007,1.073885,2.50E-08,0.069507952
2,scaffold_2:162557036:G:A,162557036,10,A,G,0.261,-124.7052,1.403661,2.51E-08,0.069829282
2,scaffold_2:162555669:C:T,162555669,12,T,C,0.265,-124.7105,1.349355,2.53E-08,0.070210527
2,scaffold_2:235431771:A:T,235431771,12,A,T,0.326,-124.7744,1.063413,2.70E-08,0.07499552
2,scaffold_2:235835240:A:G,235835240,8,A,G,0.317,-124.789,0.9005072,2.74E-08,0.07613236
2,scaffold_2:231431412:G:T,231431412,14,T,G,0.3,-124.801,0.9168001,2.77E-08,0.077076619
2,scaffold_2:234017295:A:G,234017295,12,A,G,0.318,-124.8186,0.9966098,2.83E-08,0.078484284
2,scaffold_2:231309445:A:G,231309445,11,A,G,0.322,-124.8187,1.010838,2.83E-08,0.078496033
2,scaffold_2:233911511:A:T,233911511,10,T,A,0.328,-124.8246,1.090938,2.84E-08,0.078978106
2,scaffold_2:235958975:A:G,235958975,6,A,G,0.332,-124.832,1.06548,2.86E-08,0.079581064
2,scaffold_2:234672508:A:T,234672508,8,A,T,0.33,-124.8369,1.054413,2.88E-08,0.079984832
2,scaffold_2:235795009:T:C,235795009,13,T,C,0.322,-124.8431,0.9177095,2.90E-08,0.080490875
2,scaffold_2:233938817:G:T,233938817,10,T,G,0.329,-124.8446,1.138582,2.90E-08,0.080617205
2,scaffold_2:235871731:T:G,235871731,6,T,G,0.323,-124.8515,0.8972252,2.92E-08,0.081191107
2,scaffold_2:234066278:T:C,234066278,10,T,C,0.321,-124.8566,1.023282,2.94E-08,0.081619567
2,scaffold_2:235491897:G:A,235491897,10,G,A,0.329,-124.8789,1.02913,3.01E-08,0.083517492
2,scaffold_2:234046383:C:A,234046383,11,C,A,0.315,-124.9073,0.9703661,3.10E-08,0.086004287
2,scaffold_2:234046243:G:A,234046243,9,G,A,0.321,-124.9196,0.9994861,3.14E-08,0.087102034
2,scaffold_2:231309864:G:T,231309864,10,G,T,0.321,-124.9229,1.076942,3.15E-08,0.087398829
2,scaffold_2:235075638:A:C,235075638,10,A,C,0.326,-124.9267,1.025339,3.16E-08,0.087737983
2,scaffold_2:234712279:T:C,234712279,9,T,C,0.33,-124.9483,0.9044679,3.23E-08,0.089713038
2,scaffold_2:235722268:T:C,235722268,8,T,C,0.318,-124.9491,1.03296,3.23E-08,0.089786476
2,scaffold_2:235790887:T:A,235790887,12,T,A,0.325,-124.9618,0.9497235,3.27E-08,0.090966468
2,scaffold_2:235792517:G:A,235792517,11,G,A,0.323,-124.986,0.9879628,3.36E-08,0.09326595
2,scaffold_2:235781883:G:T,235781883,11,G,T,0.32,-124.9871,0.9406017,3.36E-08,0.093373719
2,scaffold_2:235860872:C:T,235860872,10,C,T,0.322,-124.9884,0.9331131,3.37E-08,0.093498765
2,scaffold_2:234502235:T:C,234502235,7,T,C,0.333,-125.0335,1.049563,3.53E-08,0.097946783
2,scaffold_2:231304543:T:G,231304543,13,T,G,0.315,-125.0403,0.8502435,3.55E-08,0.09864331
2,scaffold_2:234476852:T:A,234476852,9,T,A,0.318,-125.041,0.9603268,3.55E-08,0.098712328
2,scaffold_2:233892567:A:G,233892567,4,G,A,0.329,-125.0432,0.9827212,3.56E-08,0.098937341
2,scaffold_2:234609447:T:A,234609447,10,T,A,0.329,-125.0502,0.8883118,3.59E-08,0.099652645
2,scaffold_2:233853452:T:A,233853452,11,T,A,0.334,-125.0523,1.084805,3.60E-08,0.099865816
2,scaffold_2:233920203:G:A,233920203,10,A,G,0.336,-125.0563,1.116648,3.61E-08,0.100282378
2,scaffold_2:235799033:T:C,235799033,10,T,C,0.322,-125.0751,1.082043,3.68E-08,0.102238205
2,scaffold_2:230952207:G:T,230952207,14,G,T,0.325,-125.0833,1.108379,3.71E-08,0.103108084
2,scaffold_2:235955628:C:T,235955628,5,C,T,0.332,-125.089,1.030949,3.73E-08,0.103719109
2,scaffold_2:235895783:T:C,235895783,5,T,C,0.332,-125.0954,1.029145,3.76E-08,0.104402993
2,scaffold_2:233990284:T:G,233990284,10,T,G,0.321,-125.1052,1.052251,3.80E-08,0.105461732
2,scaffold_2:235048917:A:T,235048917,7,A,T,0.324,-125.1219,1.069696,3.86E-08,0.107298129
2,scaffold_2:231306280:C:A,231306280,13,C,A,0.324,-125.1311,0.8164257,3.90E-08,0.108318137
2,scaffold_2:234795837:G:C,234795837,6,G,C,0.332,-125.1411,0.8533589,3.94E-08,0.10944149
2,scaffold_2:235744961:C:T,235744961,11,C,T,0.32,-125.1451,0.9921521,3.96E-08,0.109897878
2,scaffold_2:236516503:T:A,236516503,9,A,T,0.323,-125.1462,1.006703,3.96E-08,0.110014279
2,scaffold_2:162554225:C:A,162554225,6,A,C,0.266,-125.1515,1.404871,3.98E-08,0.110616911
2,scaffold_2:162554228:G:A,162554228,6,A,G,0.266,-125.1515,1.404871,3.98E-08,0.110616911
2,scaffold_2:236647568:A:T,236647568,11,T,A,0.336,-125.1527,1.080752,3.99E-08,0.110756897
2,scaffold_2:231246587:T:G,231246587,14,T,G,0.314,-125.1598,0.9386657,4.02E-08,0.111567936
2,scaffold_2:231128431:C:G,231128431,11,C,G,0.322,-125.1679,1.035239,4.05E-08,0.112506054
2,scaffold_2:231305149:G:C,231305149,9,G,C,0.325,-125.1808,0.9756748,4.10E-08,0.114013134
2,scaffold_2:231309454:T:C,231309454,14,T,C,0.323,-125.1831,1.076551,4.11E-08,0.114291054
2,scaffold_2:235710604:T:C,235710604,12,T,C,0.316,-125.1899,0.8695979,4.14E-08,0.115089369
2,scaffold_2:235926662:G:C,235926662,8,G,C,0.324,-125.1961,1.068504,4.17E-08,0.115826575
2,scaffold_2:234650957:A:G,234650957,11,A,G,0.325,-125.1993,1.091815,4.18E-08,0.116209962
2,scaffold_2:235792501:C:T,235792501,9,C,T,0.321,-125.2015,0.9944351,4.19E-08,0.116478686
2,scaffold_2:235797062:G:A,235797062,10,G,A,0.319,-125.203,0.9590294,4.20E-08,0.116658692
2,scaffold_2:235953658:A:G,235953658,4,A,G,0.333,-125.2047,1.036281,4.21E-08,0.116861086
2,scaffold_2:235958865:C:G,235958865,4,C,G,0.333,-125.2047,1.036281,4.21E-08,0.116861086
2,scaffold_2:235835227:T:G,235835227,10,T,G,0.317,-125.2132,0.9267815,4.24E-08,0.11789122
3,scaffold_3:76748652:G:C,76748652,4,C,G,0.087,-125.2167,1.622823,4.26E-08,0.11831677
2,scaffold_2:231246888:T:A,231246888,14,T,A,0.323,-125.219,0.9997804,4.27E-08,0.118595215
2,scaffold_2:234802671:G:C,234802671,12,G,C,0.319,-125.221,0.9198213,4.28E-08,0.118838967
2,scaffold_2:231309654:T:A,231309654,12,T,A,0.323,-125.2245,0.8994298,4.29E-08,0.11927671
2,scaffold_2:235785326:T:C,235785326,8,T,C,0.318,-125.2286,0.9618486,4.31E-08,0.119779505
2,scaffold_2:235962178:A:T,235962178,6,A,T,0.332,-125.2392,1.012724,4.36E-08,0.121096663
2,scaffold_2:234000673:C:T,234000673,10,C,T,0.319,-125.2465,0.9713086,4.39E-08,0.122011494
2,scaffold_2:235960894:C:G,235960894,8,C,G,0.334,-125.2469,1.048138,4.39E-08,0.122057781
2,scaffold_2:235154989:A:G,235154989,10,A,G,0.331,-125.2512,1.010035,4.41E-08,0.122604433
2,scaffold_2:230986378:C:A,230986378,8,C,A,0.32,-125.2531,0.908922,4.42E-08,0.122836323
2,scaffold_2:231539470:A:G,231539470,8,G,A,0.324,-125.2686,0.9995254,4.49E-08,0.124817249
2,scaffold_2:235780560:A:G,235780560,7,A,G,0.321,-125.2789,1.009982,4.54E-08,0.126152472
2,scaffold_2:235756464:A:G,235756464,14,A,G,0.322,-125.2871,0.9624559,4.58E-08,0.127227818
2,scaffold_2:231858638:G:T,231858638,10,T,G,0.319,-125.2887,0.923472,4.59E-08,0.127433762
2,scaffold_2:231309113:T:C,231309113,9,T,C,0.319,-125.2932,0.9130408,4.61E-08,0.128033853
2,scaffold_2:231517944:C:T,231517944,14,T,C,0.33,-125.2964,1.047015,4.62E-08,0.128457045
2,scaffold_2:235871764:T:C,235871764,7,T,C,0.324,-125.2992,0.9125567,4.64E-08,0.128828813
2,scaffold_2:231309092:A:C,231309092,9,A,C,0.319,-125.3004,0.9045727,4.64E-08,0.128990286
2,scaffold_2:231162394:G:A,231162394,10,G,A,0.326,-125.3013,0.9138948,4.65E-08,0.12910229
2,scaffold_2:236442958:A:C,236442958,14,C,A,0.314,-125.3025,1.073261,4.65E-08,0.129258429
2,scaffold_2:235696012:C:T,235696012,9,C,T,0.325,-125.306,0.9782352,4.67E-08,0.129726775
2,scaffold_2:235926143:T:A,235926143,8,T,A,0.332,-125.3063,0.9652215,4.67E-08,0.12976792
2,scaffold_2:162557196:T:A,162557196,6,A,T,0.271,-125.3075,1.319622,4.68E-08,0.129933532
2,scaffold_2:235777904:T:G,235777904,8,T,G,0.318,-125.3127,0.9982382,4.70E-08,0.13062792
2,scaffold_2:234477791:G:T,234477791,5,G,T,0.324,-125.3273,0.9915543,4.77E-08,0.132609385
2,scaffold_2:235926483:A:T,235926483,10,A,T,0.321,-125.3347,1.036116,4.81E-08,0.133632837
2,scaffold_2:235865643:G:T,235865643,8,G,T,0.324,-125.3381,0.8559717,4.83E-08,0.134092708
2,scaffold_2:235775243:G:A,235775243,5,G,A,0.329,-125.3389,0.8822188,4.83E-08,0.134204931
2,scaffold_2:235958885:A:C,235958885,6,A,C,0.332,-125.3428,1.071749,4.85E-08,0.134743436
2,scaffold_2:231308338:C:T,231308338,12,C,T,0.325,-125.3629,0.8703078,4.95E-08,0.137569757
2,scaffold_2:234818962:C:T,234818962,6,C,T,0.325,-125.367,1.023371,4.97E-08,0.13816123
2,scaffold_2:233852878:G:A,233852878,4,A,G,0.334,-125.3903,1.073053,5.10E-08,0.141524553
2,scaffold_2:233852885:G:A,233852885,4,A,G,0.334,-125.3903,1.073053,5.10E-08,0.141524553
2,scaffold_2:235954572:G:T,235954572,6,G,T,0.335,-125.4106,1.045704,5.20E-08,0.144514416
2,scaffold_2:234029737:T:C,234029737,10,T,C,0.322,-125.4151,0.9472762,5.23E-08,0.145182047
2,scaffold_2:235722115:G:A,235722115,7,G,A,0.319,-125.4235,0.8967513,5.27E-08,0.146450284
2,scaffold_2:235872924:G:A,235872924,12,G,A,0.332,-125.4279,0.950247,5.30E-08,0.147119914
2,scaffold_2:231025805:T:C,231025805,12,T,C,0.319,-125.4296,1.077053,5.31E-08,0.147378262
2,scaffold_2:231162398:G:A,231162398,10,G,A,0.328,-125.4345,0.9375346,5.33E-08,0.148113472
2,scaffold_2:236493520:TAA:TA,236493520,10,T,TA,0.319,-125.4381,0.9871766,5.35E-08,0.148672496
2,scaffold_2:234471958:C:G,234471958,3,C,G,0.328,-125.4437,0.8881337,5.38E-08,0.149529641
2,scaffold_2:231956250:C:T,231956250,9,T,C,0.325,-125.4467,1.081717,5.40E-08,0.149992337
2,scaffold_2:233989862:A:G,233989862,7,A,G,0.319,-125.4467,0.9511503,5.40E-08,0.14999406
2,scaffold_2:235617965:C:T,235617965,8,C,T,0.327,-125.4586,1.04308,5.47E-08,0.151843473
2,scaffold_2:235926601:A:C,235926601,7,A,C,0.326,-125.4595,1.039921,5.47E-08,0.15199827
2,scaffold_2:235774980:A:T,235774980,4,A,T,0.329,-125.4597,0.8871658,5.47E-08,0.15201552
2,scaffold_2:235317094:T:C,235317094,9,T,C,0.326,-125.4609,1.142075,5.48E-08,0.152212424
2,scaffold_2:233052642:T:G,233052642,9,G,T,0.328,-125.4704,0.9555693,5.53E-08,0.153710801
2,scaffold_2:233990281:T:A,233990281,10,T,A,0.322,-125.4799,1.030117,5.59E-08,0.155221009
2,scaffold_2:235609724:C:T,235609724,10,C,T,0.328,-125.489,1.049923,5.64E-08,0.156688079
2,scaffold_2:235836266:T:G,235836266,10,T,G,0.324,-125.4937,0.9563056,5.67E-08,0.157450584
2,scaffold_2:233861682:T:G,233861682,10,G,T,0.324,-125.4984,1.105195,5.70E-08,0.15822092
2,scaffold_2:233926786:C:T,233926786,11,T,C,0.327,-125.503,1.057841,5.72E-08,0.158962647
2,scaffold_2:162562065:G:A,162562065,10,A,G,0.272,-125.5103,1.332027,5.77E-08,0.160166535
2,scaffold_2:236411103:C:A,236411103,7,A,C,0.322,-125.5174,1.017381,5.81E-08,0.161354564
2,scaffold_2:236569833:G:A,236569833,7,A,G,0.331,-125.5193,1.042331,5.82E-08,0.161671234
2,scaffold_2:235672764:G:A,235672764,7,G,A,0.316,-125.5203,0.9683061,5.83E-08,0.161826582
2,scaffold_2:235274848:G:A,235274848,12,G,A,0.33,-125.5233,1.177342,5.84E-08,0.162334906
2,scaffold_2:235789843:C:T,235789843,9,C,T,0.321,-125.5319,1.000657,5.90E-08,0.163786191
2,scaffold_2:162557277:C:G,162557277,6,G,C,0.268,-125.534,1.383489,5.91E-08,0.164134219
2,scaffold_2:235957859:C:G,235957859,5,C,G,0.334,-125.5343,0.9964447,5.91E-08,0.164184379
2,scaffold_2:234733997:A:G,234733997,7,A,G,0.328,-125.5409,0.9954753,5.95E-08,0.165300631
2,scaffold_2:235725579:T:C,235725579,7,T,C,0.321,-125.5452,0.9926766,5.98E-08,0.166044657
2,scaffold_2:234282167:T:C,234282167,10,T,C,0.321,-125.5456,1.005158,5.98E-08,0.166109482
2,scaffold_2:235780564:A:G,235780564,7,A,G,0.321,-125.549,0.9636192,6.00E-08,0.166688103
2,scaffold_2:235722208:T:A,235722208,7,T,A,0.319,-125.5508,0.9645631,6.01E-08,0.167007243
3,scaffold_3:76765923:T:A,76765923,10,A,T,0.092,-125.5551,1.642943,6.04E-08,0.16774649
2,scaffold_2:231246990:A:T,231246990,7,A,T,0.321,-125.5577,0.9357963,6.06E-08,0.168202448
2,scaffold_2:235521293:T:C,235521293,8,T,C,0.325,-125.5729,1.010088,6.15E-08,0.170851083
2,scaffold_2:231125427:T:A,231125427,11,T,A,0.341,-125.5783,1.09275,6.19E-08,0.171821505
2,scaffold_2:235520132:A:C,235520132,11,A,C,0.325,-125.5785,1.038304,6.19E-08,0.171840498
2,scaffold_2:235798633:G:C,235798633,11,G,C,0.322,-125.5819,1.007054,6.21E-08,0.172457779
2,scaffold_2:234836254:G:T,234836254,14,G,T,0.325,-125.5836,1.029078,6.22E-08,0.17274714
2,scaffold_2:235959024:C:A,235959024,6,C,A,0.332,-125.5862,1.02473,6.24E-08,0.173212265
2,scaffold_2:235811455:G:C,235811455,9,G,C,0.321,-125.6007,0.9665366,6.33E-08,0.175834546
2,scaffold_2:235535276:C:G,235535276,6,C,G,0.332,-125.6021,0.9699162,6.34E-08,0.176088352
2,scaffold_2:231204135:G:T,231204135,14,G,T,0.32,-125.6029,1.006958,6.34E-08,0.176224853
2,scaffold_2:235867386:C:A,235867386,12,C,A,0.332,-125.6037,1.063451,6.35E-08,0.176368473
2,scaffold_2:235788505:T:C,235788505,13,T,C,0.319,-125.6047,0.8657927,6.36E-08,0.176550146
2,scaffold_2:231026893:C:T,231026893,8,C,T,0.318,-125.6097,0.9925154,6.39E-08,0.177463622
2,scaffold_2:234815068:C:T,234815068,7,C,T,0.322,-125.613,1.026137,6.41E-08,0.178078649
2,scaffold_2:235496826:A:C,235496826,10,A,C,0.329,-125.6139,1.116704,6.42E-08,0.178235739
2,scaffold_2:235612067:T:C,235612067,11,T,C,0.329,-125.6153,1.070176,6.43E-08,0.178504737
2,scaffold_2:234029741:G:A,234029741,11,G,A,0.323,-125.6164,0.9233184,6.43E-08,0.178704601
2,scaffold_2:234282067:G:A,234282067,14,G,A,0.322,-125.6182,1.08025,6.45E-08,0.179029066
2,scaffold_2:233960194:A:G,233960194,7,A,G,0.319,-125.6253,0.9281252,6.49E-08,0.180344813
3,scaffold_3:76765863:T:A,76765863,12,A,T,0.088,-125.6291,1.488736,6.52E-08,0.181068717
2,scaffold_2:234674112:C:T,234674112,5,C,T,0.324,-125.6309,0.9396511,6.53E-08,0.181393709
2,scaffold_2:235790920:A:G,235790920,8,A,G,0.32,-125.6351,0.945013,6.56E-08,0.182189302
2,scaffold_2:231913505:T:C,231913505,11,C,T,0.322,-125.6396,1.016218,6.59E-08,0.183032362
2,scaffold_2:231306808:T:A,231306808,10,T,A,0.322,-125.6401,0.9015771,6.59E-08,0.183135954
2,scaffold_2:236465052:A:G,236465052,13,G,A,0.333,-125.6438,1.111504,6.62E-08,0.183838886
2,scaffold_2:234238783:C:T,234238783,9,C,T,0.323,-125.6454,1.007192,6.63E-08,0.18414185
2,scaffold_2:235956085:G:A,235956085,10,G,A,0.331,-125.6512,0.9927175,6.67E-08,0.185245458
2,scaffold_2:235849767:A:C,235849767,6,A,C,0.32,-125.6529,0.9468442,6.68E-08,0.185562976
2,scaffold_2:235681714:C:T,235681714,6,C,T,0.32,-125.6588,0.9402435,6.72E-08,0.18669337