chr,rs,ps,n_miss,allele1,allele0,af,logl_H1,l_mle,p_lrt,Island,Padj,sig
scaffold_1,scaffold_1:252239947:T:A,252239947,3,T,A,0.283,40.87542,0.1852879,1.95E-44,Kauai,5.40E-37,N
scaffold_1,scaffold_1:252420675:A:C,252420675,6,A,C,0.256,16.29915,1.00E-05,1.06E-33,Kauai,2.94E-26,N
scaffold_1,scaffold_1:252426436:T:A,252426436,2,T,A,0.264,15.73389,1.00E-05,1.88E-33,Kauai,5.19E-26,N
scaffold_1,scaffold_1:252222294:G:A,252222294,3,G,A,0.258,9.99998,0.1874314,6.04E-31,Kauai,1.67E-23,N
scaffold_1,scaffold_1:252371254:C:T,252371254,3,C,T,0.258,9.906536,1.00E-05,6.63E-31,Kauai,1.84E-23,N
scaffold_1,scaffold_1:251719697:A:G,251719697,5,A,G,0.297,-5.226459,0.2845641,2.81E-24,Kauai,7.78E-17,N
scaffold_1,scaffold_1:255216418:G:A,255216418,6,G,A,0.299,-5.416698,0.4880129,3.41E-24,Kauai,9.43E-17,N
scaffold_1,scaffold_1:251283855:C:G,251283855,6,C,G,0.291,-8.524294,0.681966,7.86E-23,Kauai,2.17E-15,N
scaffold_1,scaffold_1:253901167:G:C,253901167,2,C,G,0.223,-9.500272,1.00E-05,2.11E-22,Kauai,5.83E-15,N
scaffold_1,scaffold_1:253896902:C:T,253896902,3,T,C,0.225,-9.922241,1.00E-05,3.22E-22,Kauai,8.93E-15,N
scaffold_1,scaffold_1:253894799:A:G,253894799,4,G,A,0.227,-10.34821,1.00E-05,4.96E-22,Kauai,1.37E-14,N
scaffold_1,scaffold_1:253902409:G:A,253902409,5,A,G,0.229,-10.77825,1.00E-05,7.66E-22,Kauai,2.12E-14,N
scaffold_1,scaffold_1:253899225:A:C,253899225,6,C,A,0.231,-11.21241,1.00E-05,1.19E-21,Kauai,3.29E-14,N
scaffold_1,scaffold_1:253892389:T:C,253892389,6,C,T,0.231,-11.21242,1.00E-05,1.19E-21,Kauai,3.29E-14,N
scaffold_1,scaffold_1:253894344:T:C,253894344,2,C,T,0.215,-13.07917,1.00E-05,7.84E-21,Kauai,2.17E-13,N
scaffold_1,scaffold_1:249659276:G:A,249659276,5,G,A,0.314,-13.35655,1.07823,1.04E-20,Kauai,2.87E-13,N
scaffold_1,scaffold_1:253908520:A:G,253908520,4,G,A,0.218,-13.82482,1.00E-05,1.67E-20,Kauai,4.61E-13,N
scaffold_1,scaffold_1:253926556:C:G,253926556,5,G,C,0.22,-14.20344,1.00E-05,2.44E-20,Kauai,6.77E-13,N
scaffold_1,scaffold_1:253897352:T:A,253897352,5,A,T,0.22,-14.20346,1.00E-05,2.44E-20,Kauai,6.77E-13,N
scaffold_1,scaffold_1:253913273:C:T,253913273,5,T,C,0.22,-14.20346,1.00E-05,2.44E-20,Kauai,6.77E-13,N
scaffold_1,scaffold_1:253893478:A:G,253893478,6,G,A,0.222,-14.58603,1.00E-05,3.60E-20,Kauai,9.96E-13,N
scaffold_1,scaffold_1:253916850:G:A,253916850,6,A,G,0.222,-14.58604,1.00E-05,3.60E-20,Kauai,9.96E-13,N
scaffold_1,scaffold_1:253921983:GCC:GC,253921983,6,G,GC,0.222,-14.58604,1.00E-05,3.60E-20,Kauai,9.96E-13,N
scaffold_1,scaffold_1:253900274:T:C,253900274,6,C,T,0.222,-14.58604,1.00E-05,3.60E-20,Kauai,9.96E-13,N
scaffold_1,scaffold_1:253934798:A:G,253934798,6,G,A,0.222,-14.58605,1.00E-05,3.60E-20,Kauai,9.96E-13,N
scaffold_1,scaffold_1:253899082:G:C,253899082,4,C,G,0.218,-16.20631,1.00E-05,1.85E-19,Kauai,5.13E-12,N
scaffold_1,scaffold_1:253899109:C:G,253899109,4,G,C,0.218,-16.20631,1.00E-05,1.85E-19,Kauai,5.13E-12,N
scaffold_1,scaffold_1:253923531:A:G,253923531,5,G,A,0.22,-16.58809,1.00E-05,2.73E-19,Kauai,7.55E-12,N
scaffold_1,scaffold_1:253906718:ACCGC:AC,253906718,6,A,ACCG,0.214,-17.87709,0.0634394,1.01E-18,Kauai,2.79E-11,N
scaffold_1,scaffold_1:253899973:C:G,253899973,6,G,C,0.214,-17.88626,1.00E-05,1.02E-18,Kauai,2.81E-11,N
scaffold_1,scaffold_1:258515492:C:A,258515492,3,C,A,0.242,-18.5649,2.408838,2.02E-18,Kauai,5.59E-11,N
scaffold_1,scaffold_1:253905483:C:A,253905483,3,A,C,0.208,-19.03877,0.038197,3.26E-18,Kauai,9.03E-11,N
scaffold_1,scaffold_1:258506756:T:G,258506756,6,T,G,0.248,-19.04727,2.472627,3.29E-18,Kauai,9.11E-11,N
scaffold_1,scaffold_1:253893322:A:G,253893322,6,G,A,0.214,-20.05581,1.00E-05,9.14E-18,Kauai,2.53E-10,N
scaffold_1,scaffold_1:258515525:T:C,258515525,6,T,C,0.205,-20.30678,3.491326,1.18E-17,Kauai,3.26E-10,N
scaffold_1,scaffold_1:253929101:T:G,253929101,5,G,T,0.203,-20.81879,1.00E-05,1.98E-17,Kauai,5.48E-10,N
scaffold_1,scaffold_1:253929097:C:G,253929097,6,G,C,0.205,-21.11444,1.00E-05,2.67E-17,Kauai,7.40E-10,N
scaffold_1,scaffold_1:258467087:A:T,258467087,2,A,T,0.248,-21.3899,3.104778,3.53E-17,Kauai,9.78E-10,N
scaffold_1,scaffold_1:258495896:G:A,258495896,3,G,A,0.25,-21.4096,3.492224,3.60E-17,Kauai,9.98E-10,N
scaffold_1,scaffold_1:253912516:T:C,253912516,4,C,T,0.21,-21.4377,1.00E-05,3.71E-17,Kauai,1.03E-09,N
scaffold_1,scaffold_1:253912664:T:C,253912664,4,C,T,0.21,-21.4377,1.00E-05,3.71E-17,Kauai,1.03E-09,N
scaffold_1,scaffold_1:253900059:A:G,253900059,4,G,A,0.21,-21.4377,1.00E-05,3.71E-17,Kauai,1.03E-09,N
scaffold_1,scaffold_1:258478282:G:C,258478282,4,G,C,0.252,-21.80937,3.283016,5.41E-17,Kauai,1.50E-09,N
scaffold_1,scaffold_1:258480609:T:C,258480609,5,T,C,0.254,-21.82446,4.210004,5.49E-17,Kauai,1.52E-09,N
scaffold_1,scaffold_1:258474932:A:T,258474932,5,A,T,0.254,-21.8314,3.581728,5.53E-17,Kauai,1.53E-09,N
scaffold_1,scaffold_1:258507117:T:A,258507117,5,T,A,0.254,-21.90712,3.565217,5.97E-17,Kauai,1.65E-09,N
scaffold_1,scaffold_1:258508091:T:C,258508091,4,T,C,0.252,-21.97754,3.228603,6.41E-17,Kauai,1.77E-09,N
scaffold_1,scaffold_1:258505591:T:C,258505591,4,T,C,0.252,-21.99887,3.026817,6.55E-17,Kauai,1.81E-09,N
scaffold_1,scaffold_1:258478173:C:G,258478173,4,C,G,0.252,-22.03258,3.093875,6.78E-17,Kauai,1.88E-09,N
scaffold_1,scaffold_1:253912222:AC:ACC,253912222,6,AC,A,0.214,-22.12378,1.00E-05,7.44E-17,Kauai,2.06E-09,N
scaffold_1,scaffold_1:258475043:A:T,258475043,5,A,T,0.254,-22.1595,3.32361,7.71E-17,Kauai,2.13E-09,N
scaffold_1,scaffold_1:258480603:A:G,258480603,6,A,G,0.256,-22.23225,3.474325,8.30E-17,Kauai,2.30E-09,N
scaffold_1,scaffold_1:258461783:A:G,258461783,4,A,G,0.252,-22.34263,2.614285,9.28E-17,Kauai,2.57E-09,N
scaffold_1,scaffold_1:258506823:T:C,258506823,5,T,C,0.237,-22.37848,1.983523,9.63E-17,Kauai,2.67E-09,N
scaffold_1,scaffold_1:258507051:A:T,258507051,6,A,T,0.256,-22.71546,2.975841,1.36E-16,Kauai,3.75E-09,N
scaffold_1,scaffold_1:258506584:C:T,258506584,5,C,T,0.229,-22.89937,5.05692,1.63E-16,Kauai,4.52E-09,N
scaffold_1,scaffold_1:253927707:G:A,253927707,6,A,G,0.205,-23.08241,0.02428998,1.97E-16,Kauai,5.44E-09,N
scaffold_1,scaffold_1:258506589:G:A,258506589,6,G,A,0.231,-23.41729,4.767509,2.76E-16,Kauai,7.64E-09,N
scaffold_1,scaffold_1:258506592:T:G,258506592,6,T,G,0.231,-23.41729,4.767509,2.76E-16,Kauai,7.64E-09,N
scaffold_1,scaffold_1:258478348:T:C,258478348,3,T,C,0.242,-23.46791,4.512038,2.91E-16,Kauai,8.05E-09,N
scaffold_1,scaffold_1:254080379:A:T,254080379,6,T,A,0.239,-23.52003,0.162976,3.06E-16,Kauai,8.48E-09,N
scaffold_1,scaffold_1:254164352:C:G,254164352,6,G,C,0.239,-23.61868,0.01318552,3.39E-16,Kauai,9.38E-09,N
scaffold_1,scaffold_1:256312199:A:T,256312199,6,T,A,0.145,-23.65726,1.546652,3.52E-16,Kauai,9.75E-09,N
scaffold_1,scaffold_1:254244116:T:C,254244116,3,C,T,0.25,-23.66649,0.04818827,3.56E-16,Kauai,9.84E-09,N
scaffold_1,scaffold_1:254087780:G:T,254087780,3,T,G,0.25,-23.67349,1.00E-05,3.58E-16,Kauai,9.91E-09,N
scaffold_1,scaffold_1:254087782:C:T,254087782,3,T,C,0.25,-23.67349,1.00E-05,3.58E-16,Kauai,9.91E-09,N
scaffold_1,scaffold_1:258506694:G:A,258506694,3,G,A,0.242,-23.85438,3.792479,4.30E-16,Kauai,1.19E-08,N
scaffold_1,scaffold_1:258506699:C:G,258506699,3,C,G,0.242,-23.85438,3.792479,4.30E-16,Kauai,1.19E-08,N
scaffold_1,scaffold_1:258467508:A:C,258467508,4,A,C,0.244,-23.87791,4.854893,4.41E-16,Kauai,1.22E-08,N
scaffold_1,scaffold_1:254185862:G:C,254185862,4,C,G,0.252,-23.90144,0.1919494,4.51E-16,Kauai,1.25E-08,N
scaffold_1,scaffold_1:254061769:A:T,254061769,4,T,A,0.252,-24.01269,1.00E-05,5.05E-16,Kauai,1.40E-08,N
scaffold_1,scaffold_1:253983693:A:G,253983693,4,G,A,0.252,-24.01269,1.00E-05,5.05E-16,Kauai,1.40E-08,N
scaffold_1,scaffold_1:254125362:T:C,254125362,5,C,T,0.254,-24.27377,0.1575033,6.59E-16,Kauai,1.82E-08,N
scaffold_1,scaffold_1:254098640:C:G,254098640,5,G,C,0.254,-24.31776,0.1038448,6.89E-16,Kauai,1.91E-08,N
scaffold_1,scaffold_1:254011287:TG:TGAAG,254011287,5,TGAA,T,0.254,-24.31954,0.1095639,6.90E-16,Kauai,1.91E-08,N
scaffold_1,scaffold_1:254145002:G:C,254145002,5,C,G,0.254,-24.32896,0.09426928,6.96E-16,Kauai,1.93E-08,N
scaffold_1,scaffold_1:254279095:T:C,254279095,5,C,T,0.254,-24.35179,0.03429777,7.13E-16,Kauai,1.97E-08,N
scaffold_1,scaffold_1:254061778:G:C,254061778,5,C,G,0.254,-24.35558,1.00E-05,7.16E-16,Kauai,1.98E-08,N
scaffold_1,scaffold_1:253974493:T:C,253974493,5,C,T,0.254,-24.35559,1.00E-05,7.16E-16,Kauai,1.98E-08,N
scaffold_1,scaffold_1:254265747:T:A,254265747,6,A,T,0.231,-24.35835,0.1282831,7.18E-16,Kauai,1.99E-08,N
scaffold_1,scaffold_1:256198657:A:G,256198657,6,G,A,0.145,-24.46865,1.926145,8.03E-16,Kauai,2.22E-08,N
scaffold_1,scaffold_1:258504495:T:G,258504495,6,T,G,0.248,-24.48035,4.091927,8.12E-16,Kauai,2.25E-08,N
scaffold_1,scaffold_1:258461523:C:T,258461523,3,C,T,0.258,-24.55253,3.229145,8.74E-16,Kauai,2.42E-08,N
scaffold_1,scaffold_1:258507135:G:T,258507135,5,G,T,0.246,-24.59293,3.916982,9.10E-16,Kauai,2.52E-08,N
scaffold_1,scaffold_1:253927779:G:A,253927779,5,A,G,0.203,-24.66081,1.00E-05,9.75E-16,Kauai,2.70E-08,N
scaffold_1,scaffold_1:254165491:C:G,254165491,6,G,C,0.256,-24.70223,1.00E-05,1.02E-15,Kauai,2.82E-08,N
scaffold_1,scaffold_1:254262718:T:G,254262718,6,G,T,0.256,-24.70223,1.00E-05,1.02E-15,Kauai,2.82E-08,N
scaffold_1,scaffold_1:254110893:T:C,254110893,6,C,T,0.256,-24.70223,1.00E-05,1.02E-15,Kauai,2.82E-08,N
scaffold_1,scaffold_1:255943783:T:C,255943783,5,C,T,0.144,-24.88486,1.524266,1.22E-15,Kauai,3.39E-08,N
scaffold_1,scaffold_1:256130391:T:A,256130391,5,A,T,0.144,-24.92364,1.472301,1.27E-15,Kauai,3.53E-08,N
scaffold_1,scaffold_1:256094964:T:C,256094964,6,C,T,0.145,-24.94367,1.644392,1.30E-15,Kauai,3.60E-08,N
scaffold_1,scaffold_1:254004194:G:C,254004194,3,C,G,0.258,-25.01796,0.1598467,1.40E-15,Kauai,3.88E-08,N
scaffold_1,scaffold_1:256412462:ATT:AT,256412462,6,A,AT,0.145,-25.11746,1.541396,1.55E-15,Kauai,4.29E-08,N
scaffold_1,scaffold_1:256412467:T:G,256412467,6,G,T,0.145,-25.11746,1.541396,1.55E-15,Kauai,4.29E-08,N
scaffold_1,scaffold_1:258506860:A:G,258506860,5,A,G,0.246,-25.14903,2.877975,1.60E-15,Kauai,4.43E-08,N
scaffold_1,scaffold_1:254116405:T:C,254116405,4,C,T,0.261,-25.23914,0.2463173,1.75E-15,Kauai,4.86E-08,N
scaffold_1,scaffold_1:254288279:C:T,254288279,4,T,C,0.261,-25.24934,0.2482072,1.77E-15,Kauai,4.91E-08,N
scaffold_1,scaffold_1:254215997:T:C,254215997,4,C,T,0.261,-25.26299,0.237173,1.80E-15,Kauai,4.98E-08,N
scaffold_1,scaffold_1:254279020:G:T,254279020,4,T,G,0.261,-25.30844,0.1847478,1.88E-15,Kauai,5.21E-08,N
scaffold_1,scaffold_1:254253268:C:A,254253268,4,A,C,0.261,-25.36703,0.1196994,2.00E-15,Kauai,5.53E-08,N
scaffold_1,scaffold_1:254072843:C:G,254072843,5,G,C,0.263,-25.63644,0.1804951,2.63E-15,Kauai,7.27E-08,N
scaffold_1,scaffold_1:254170664:GTT:GT,254170664,5,G,GT,0.263,-25.66661,0.1483674,2.71E-15,Kauai,7.50E-08,N
scaffold_1,scaffold_1:254152179:T:C,254152179,5,C,T,0.263,-25.72409,0.0232037,2.87E-15,Kauai,7.95E-08,N
scaffold_1,scaffold_1:256070877:C:T,256070877,3,T,C,0.142,-25.78127,1.461899,3.04E-15,Kauai,8.42E-08,N
scaffold_1,scaffold_1:254116382:T:A,254116382,6,A,T,0.265,-25.78739,0.3120554,3.06E-15,Kauai,8.47E-08,N
scaffold_1,scaffold_1:254152003:G:T,254152003,6,T,G,0.265,-25.82338,0.3244849,3.18E-15,Kauai,8.79E-08,N
scaffold_1,scaffold_1:256061530:G:T,256061530,3,T,G,0.142,-25.90519,1.464743,3.45E-15,Kauai,9.55E-08,N
scaffold_1,scaffold_1:256201104:T:A,256201104,4,A,T,0.143,-25.91257,1.609485,3.48E-15,Kauai,9.62E-08,N
scaffold_1,scaffold_1:254221948:T:G,254221948,6,G,T,0.265,-25.91707,0.2425913,3.49E-15,Kauai,9.67E-08,N
scaffold_1,scaffold_1:254003696:A:T,254003696,6,T,A,0.265,-25.9384,0.2019643,3.57E-15,Kauai,9.88E-08,N
scaffold_1,scaffold_1:256160547:G:C,256160547,4,C,G,0.143,-25.94085,1.522082,3.58E-15,Kauai,9.90E-08,N
scaffold_1,scaffold_1:256160548:C:G,256160548,4,G,C,0.143,-25.94085,1.522082,3.58E-15,Kauai,9.90E-08,N
scaffold_1,scaffold_1:256212124:C:T,256212124,4,T,C,0.143,-25.95678,1.644059,3.64E-15,Kauai,1.01E-07,N
scaffold_1,scaffold_1:254319719:G:C,254319719,4,C,G,0.244,-25.96557,0.5387842,3.67E-15,Kauai,1.02E-07,N
scaffold_1,scaffold_1:255895776:A:C,255895776,5,C,A,0.144,-25.99239,1.648925,3.77E-15,Kauai,1.04E-07,N
scaffold_1,scaffold_1:254152069:C:T,254152069,6,T,C,0.265,-26.01224,0.1170283,3.85E-15,Kauai,1.06E-07,N
scaffold_1,scaffold_1:253988569:C:T,253988569,3,T,C,0.242,-26.01477,0.4070091,3.86E-15,Kauai,1.07E-07,N
scaffold_1,scaffold_1:256041147:C:A,256041147,5,A,C,0.144,-26.01667,1.636575,3.86E-15,Kauai,1.07E-07,N
scaffold_1,scaffold_1:256165703:C:T,256165703,5,T,C,0.144,-26.01856,1.760626,3.87E-15,Kauai,1.07E-07,N
scaffold_1,scaffold_1:254198011:A:C,254198011,6,C,A,0.265,-26.0244,0.09012312,3.89E-15,Kauai,1.08E-07,N
scaffold_1,scaffold_1:255929764:T:A,255929764,6,A,T,0.145,-26.09613,1.862334,4.19E-15,Kauai,1.16E-07,N
scaffold_1,scaffold_1:258493411:A:G,258493411,6,A,G,0.265,-26.12739,2.543552,4.32E-15,Kauai,1.20E-07,N
scaffold_1,scaffold_1:256201998:C:G,256201998,4,G,C,0.143,-26.16202,1.453109,4.48E-15,Kauai,1.24E-07,N
scaffold_1,scaffold_1:256061573:G:T,256061573,5,T,G,0.144,-26.16729,1.591429,4.50E-15,Kauai,1.25E-07,N
scaffold_1,scaffold_1:256202173:G:T,256202173,6,T,G,0.145,-26.18927,1.676293,4.60E-15,Kauai,1.27E-07,N
scaffold_1,scaffold_1:255956257:T:C,255956257,5,C,T,0.144,-26.29684,1.533513,5.14E-15,Kauai,1.42E-07,N
scaffold_1,scaffold_1:256071116:T:G,256071116,6,G,T,0.145,-26.34871,1.602533,5.41E-15,Kauai,1.50E-07,N
scaffold_1,scaffold_1:256071120:T:A,256071120,6,A,T,0.145,-26.34871,1.602533,5.41E-15,Kauai,1.50E-07,N
scaffold_1,scaffold_1:256129586:A:T,256129586,5,T,A,0.144,-26.38545,1.367513,5.62E-15,Kauai,1.56E-07,N
scaffold_1,scaffold_1:256130419:G:T,256130419,6,T,G,0.145,-26.41052,1.491406,5.77E-15,Kauai,1.60E-07,N
scaffold_1,scaffold_1:253983470:A:G,253983470,1,G,A,0.254,-26.41552,0.1990413,5.79E-15,Kauai,1.60E-07,N
scaffold_1,scaffold_1:256072708:A:G,256072708,5,G,A,0.144,-26.4244,1.305456,5.85E-15,Kauai,1.62E-07,N
scaffold_1,scaffold_1:256189507:AGCGCGGGG:AG,256189507,1,A,AGCGCGGG,0.139,-26.43549,1.673762,5.91E-15,Kauai,1.64E-07,N
scaffold_1,scaffold_1:256312660:G:A,256312660,1,A,G,0.139,-26.43549,1.673762,5.91E-15,Kauai,1.64E-07,N
scaffold_1,scaffold_1:256204817:T:C,256204817,6,C,T,0.145,-26.47137,1.514174,6.13E-15,Kauai,1.70E-07,N
scaffold_1,scaffold_1:255950336:C:T,255950336,5,T,C,0.144,-26.47447,1.314706,6.15E-15,Kauai,1.70E-07,N
scaffold_1,scaffold_1:255956267:A:G,255956267,6,G,A,0.145,-26.54214,1.524888,6.59E-15,Kauai,1.82E-07,N
scaffold_1,scaffold_1:256419958:T:A,256419958,6,A,T,0.137,-26.60244,2.426387,7.01E-15,Kauai,1.94E-07,N
scaffold_1,scaffold_1:256016318:T:G,256016318,2,G,T,0.14,-26.64274,1.650942,7.30E-15,Kauai,2.02E-07,N
scaffold_1,scaffold_1:254164552:T:C,254164552,4,C,T,0.244,-26.6495,0.04091315,7.35E-15,Kauai,2.03E-07,N
scaffold_1,scaffold_1:254143009:G:A,254143009,4,A,G,0.244,-26.6555,0.009963549,7.39E-15,Kauai,2.05E-07,N
scaffold_1,scaffold_1:256225306:G:A,256225306,6,A,G,0.137,-26.66631,2.406306,7.48E-15,Kauai,2.07E-07,N
scaffold_1,scaffold_1:255923739:A:G,255923739,2,G,A,0.14,-26.68726,1.643596,7.64E-15,Kauai,2.11E-07,N
scaffold_1,scaffold_1:254117621:T:C,254117621,2,C,T,0.256,-26.70596,0.2257456,7.78E-15,Kauai,2.15E-07,N
scaffold_1,scaffold_1:254001269:A:C,254001269,2,C,A,0.256,-26.74238,0.1809217,8.08E-15,Kauai,2.24E-07,N
scaffold_1,scaffold_1:254007109:C:T,254007109,2,T,C,0.256,-26.74238,0.1809217,8.08E-15,Kauai,2.24E-07,N
scaffold_1,scaffold_1:254029956:T:C,254029956,2,C,T,0.256,-26.74238,0.1809217,8.08E-15,Kauai,2.24E-07,N
scaffold_1,scaffold_1:254033552:A:G,254033552,2,G,A,0.256,-26.74238,0.1809217,8.08E-15,Kauai,2.24E-07,N
scaffold_1,scaffold_1:254035564:T:G,254035564,2,G,T,0.256,-26.74238,0.1809217,8.08E-15,Kauai,2.24E-07,N
scaffold_1,scaffold_1:254050242:A:G,254050242,2,G,A,0.256,-26.74238,0.1809217,8.08E-15,Kauai,2.24E-07,N
scaffold_1,scaffold_1:254050435:G:A,254050435,2,A,G,0.256,-26.74238,0.1809217,8.08E-15,Kauai,2.24E-07,N
scaffold_1,scaffold_1:254050482:A:G,254050482,2,G,A,0.256,-26.74238,0.1809217,8.08E-15,Kauai,2.24E-07,N
scaffold_1,scaffold_1:254068035:A:C,254068035,2,C,A,0.256,-26.74238,0.1809217,8.08E-15,Kauai,2.24E-07,N
scaffold_1,scaffold_1:254071980:C:T,254071980,2,T,C,0.256,-26.74238,0.1809217,8.08E-15,Kauai,2.24E-07,N
scaffold_1,scaffold_1:254171997:A:T,254171997,2,T,A,0.256,-26.74238,0.1809217,8.08E-15,Kauai,2.24E-07,N
scaffold_1,scaffold_1:254310727:C:A,254310727,2,A,C,0.256,-26.74238,0.1809217,8.08E-15,Kauai,2.24E-07,N
scaffold_1,scaffold_1:256013423:GC:GCC,256013423,2,GC,G,0.14,-26.75572,1.577739,8.19E-15,Kauai,2.27E-07,N
scaffold_1,scaffold_1:256013437:T:C,256013437,2,C,T,0.14,-26.75572,1.577739,8.19E-15,Kauai,2.27E-07,N
scaffold_1,scaffold_1:256013513:A:G,256013513,2,G,A,0.14,-26.75572,1.577739,8.19E-15,Kauai,2.27E-07,N
scaffold_1,scaffold_1:256129372:T:A,256129372,2,A,T,0.14,-26.75572,1.577739,8.19E-15,Kauai,2.27E-07,N
scaffold_1,scaffold_1:256200995:A:G,256200995,2,G,A,0.14,-26.75572,1.577739,8.19E-15,Kauai,2.27E-07,N
scaffold_1,scaffold_1:256209182:T:A,256209182,2,A,T,0.14,-26.75572,1.577739,8.19E-15,Kauai,2.27E-07,N
scaffold_1,scaffold_1:256382118:G:C,256382118,2,C,G,0.14,-26.75572,1.577739,8.19E-15,Kauai,2.27E-07,N
scaffold_1,scaffold_1:256382254:CT:CTCCGT,256382254,2,CTCCG,C,0.14,-26.75572,1.577739,8.19E-15,Kauai,2.27E-07,N
scaffold_1,scaffold_1:256382704:T:C,256382704,2,C,T,0.14,-26.75572,1.577739,8.19E-15,Kauai,2.27E-07,N
scaffold_1,scaffold_1:254042195:A:C,254042195,2,C,A,0.256,-26.78284,0.1352917,8.42E-15,Kauai,2.33E-07,N
scaffold_1,scaffold_1:255938862:T:A,255938862,6,A,T,0.145,-26.78749,1.303935,8.46E-15,Kauai,2.34E-07,N
scaffold_1,scaffold_1:254012442:A:G,254012442,5,G,A,0.246,-26.8134,0.2180124,8.68E-15,Kauai,2.40E-07,N
scaffold_1,scaffold_1:256016390:G:T,256016390,2,T,G,0.14,-26.83506,1.528637,8.87E-15,Kauai,2.46E-07,N
scaffold_1,scaffold_1:256137906:G:C,256137906,2,C,G,0.14,-26.83506,1.528637,8.87E-15,Kauai,2.46E-07,N
scaffold_1,scaffold_1:256181191:T:C,256181191,3,C,T,0.142,-26.83846,1.644721,8.91E-15,Kauai,2.47E-07,N
scaffold_1,scaffold_1:256200971:G:T,256200971,3,T,G,0.142,-26.83846,1.644721,8.91E-15,Kauai,2.47E-07,N
scaffold_1,scaffold_1:256381722:A:G,256381722,3,G,A,0.142,-26.83846,1.644721,8.91E-15,Kauai,2.47E-07,N
scaffold_1,scaffold_1:256358465:C:T,256358465,6,T,C,0.145,-26.84758,1.263359,8.99E-15,Kauai,2.49E-07,N
scaffold_1,scaffold_1:256224085:A:T,256224085,3,T,A,0.142,-26.8694,1.650819,9.19E-15,Kauai,2.54E-07,N
scaffold_1,scaffold_1:254230074:C:A,254230074,5,A,C,0.246,-26.90502,0.1404868,9.53E-15,Kauai,2.64E-07,N
scaffold_1,scaffold_1:256333997:A:G,256333997,3,G,A,0.142,-26.90704,1.651011,9.55E-15,Kauai,2.64E-07,N
scaffold_1,scaffold_1:254063887:G:T,254063887,3,T,G,0.258,-26.91191,0.3061354,9.60E-15,Kauai,2.66E-07,N
scaffold_1,scaffold_1:256060425:G:T,256060425,3,T,G,0.142,-26.91351,1.684194,9.61E-15,Kauai,2.66E-07,N
scaffold_1,scaffold_1:254098149:C:A,254098149,5,A,C,0.246,-26.92543,0.1137098,9.73E-15,Kauai,2.69E-07,N
scaffold_1,scaffold_1:255949919:A:C,255949919,3,C,A,0.142,-26.93438,1.606717,9.82E-15,Kauai,2.72E-07,N
scaffold_1,scaffold_1:255949934:A:G,255949934,3,G,A,0.142,-26.93438,1.606717,9.82E-15,Kauai,2.72E-07,N
scaffold_1,scaffold_1:254230103:T:A,254230103,5,A,T,0.246,-26.94744,0.06817555,9.95E-15,Kauai,2.75E-07,N
scaffold_1,scaffold_1:256381759:T:A,256381759,3,A,T,0.142,-26.95688,1.599844,1.00E-14,Kauai,2.78E-07,N
scaffold_1,scaffold_1:254143114:C:T,254143114,5,T,C,0.246,-26.96125,0.01218218,1.01E-14,Kauai,2.79E-07,N
scaffold_1,scaffold_1:254143115:T:G,254143115,5,G,T,0.246,-26.96125,0.01218218,1.01E-14,Kauai,2.79E-07,N
scaffold_1,scaffold_1:254143036:G:A,254143036,5,A,G,0.246,-26.96159,0.006880776,1.01E-14,Kauai,2.79E-07,N
scaffold_1,scaffold_1:254039526:TAA:TA,254039526,5,T,TA,0.246,-26.96175,1.00E-05,1.01E-14,Kauai,2.79E-07,N
scaffold_1,scaffold_1:253984215:T:A,253984215,5,A,T,0.246,-26.96175,1.00E-05,1.01E-14,Kauai,2.79E-07,N
scaffold_1,scaffold_1:256160666:T:G,256160666,3,G,T,0.142,-26.9648,1.559012,1.01E-14,Kauai,2.80E-07,N
scaffold_1,scaffold_1:256160575:C:G,256160575,4,G,C,0.143,-26.97002,1.810609,1.02E-14,Kauai,2.82E-07,N
scaffold_1,scaffold_1:256420045:C:A,256420045,4,A,C,0.143,-26.97505,1.709142,1.02E-14,Kauai,2.83E-07,N
scaffold_1,scaffold_1:256129426:A:C,256129426,3,C,A,0.142,-26.97931,1.564933,1.03E-14,Kauai,2.84E-07,N
scaffold_1,scaffold_1:255896024:C:G,255896024,4,G,C,0.143,-26.98275,1.672289,1.03E-14,Kauai,2.85E-07,N
scaffold_1,scaffold_1:255981221:T:C,255981221,3,C,T,0.142,-26.98328,1.615522,1.03E-14,Kauai,2.86E-07,N
scaffold_1,scaffold_1:255895944:A:C,255895944,3,C,A,0.142,-26.98898,1.558187,1.04E-14,Kauai,2.87E-07,N
scaffold_1,scaffold_1:256200942:G:C,256200942,4,C,G,0.143,-26.99143,1.654396,1.04E-14,Kauai,2.88E-07,N
scaffold_1,scaffold_1:253987164:C:T,253987164,3,T,C,0.258,-26.99187,0.2490075,1.04E-14,Kauai,2.88E-07,N
scaffold_1,scaffold_1:256381338:A:C,256381338,3,C,A,0.142,-26.99301,1.572739,1.04E-14,Kauai,2.88E-07,N
scaffold_1,scaffold_1:254243962:A:G,254243962,3,G,A,0.258,-26.99364,0.2414311,1.04E-14,Kauai,2.89E-07,N