SID,PC1,PC2,chr
SRR4292182.bam,-0.112021,0.0437616,1
SRR4292183.bam,-0.108203,0.138826,1
SRR4292184.bam,-0.0993689,-0.13724,1
SRR4292185.bam,-0.111177,0.042816,1
SRR4292186.bam,0.236278,0.0319625,1
SRR4292187.bam,0.208462,0.0837852,1
SRR4292188.bam,-0.088789,0.217892,1
SRR4292189.bam,0.236374,-0.308803,1
SRR4292190.bam,-0.0882735,0.190434,1
SRR4292191.bam,0.159768,0.117736,1
SRR4292192.bam,-0.105649,-0.0425996,1
SRR4292193.bam,0.238042,0.0666861,1
SRR4292194.bam,-0.104695,-0.334573,1
SRR4292195.bam,0.232069,0.00248052,1
SRR4292196.bam,-0.098665,-0.379017,1
SRR4292197.bam,0.246504,0.0429467,1
SRR4292198.bam,0.217399,0.0301369,1
SRR4292199.bam,-0.107656,0.13809,1
SRR4292200.bam,-0.0984197,-0.0703016,1
SRR4292201.bam,-0.11059,0.0916257,1
SRR4292202.bam,-0.10571,0.0546376,1
SRR4292203.bam,-0.0987663,-0.146633,1
SRR4292204.bam,-0.111902,0.0901396,1
SRR4292205.bam,-0.10921,0.135394,1
SRR4292207.bam,-0.103549,0.117671,1
SRR4292208.bam,-0.100835,-0.296139,1
SRR4292209.bam,-0.10652,0.0875008,1
SRR4292210.bam,-0.105588,0.101755,1
SRR4292211.bam,-0.100839,-0.0743771,1
SRR4292212.bam,-0.109898,0.0971991,1
SRR4292213.bam,0.0852265,-0.0341108,1
SRR4292214.bam,0.223544,0.0686312,1
SRR4292215.bam,0.0904916,0.0959113,1
SRR4292216.bam,0.0840024,-0.247614,1
SRR4292217.bam,-0.0974116,-0.13011,1
SRR4292218.bam,0.226737,0.063735,1
SRR4292219.bam,0.226383,0.0393995,1
SRR4292220.bam,0.0863498,-0.0296783,1
SRR4292221.bam,0.208894,0.0376394,1
SRR4292222.bam,-0.0905813,0.214398,1
SRR4292223.bam,0.0847786,-0.252404,1
SRR4292224.bam,0.225651,0.0384683,1
SRR4292225.bam,-0.0890726,0.193901,1
SRR4292226.bam,-0.104017,0.006409,1
SRR4292227.bam,-0.101022,-0.0363107,1
SRR4292228.bam,-0.0968211,-0.141699,1
SRR4292229.bam,-0.106154,0.0523746,1
SRR4292230.bam,-0.102937,-0.0219727,1
SRR4292182.bam,-0.00255295,-0.223342,2
SRR4292183.bam,-0.0387436,-0.0864314,2
SRR4292184.bam,0.001781,-0.20506,2
SRR4292185.bam,-0.00243384,-0.22469,2
SRR4292186.bam,0.329431,0.168634,2
SRR4292187.bam,-0.108196,0.143577,2
SRR4292188.bam,-0.102215,0.0725394,2
SRR4292189.bam,0.294619,0.0346302,2
SRR4292190.bam,-0.141329,0.247749,2
SRR4292191.bam,-0.0982358,0.0113764,2
SRR4292192.bam,0.333676,0.173154,2
SRR4292193.bam,-0.146721,0.260813,2
SRR4292194.bam,-0.058373,-0.0195894,2
SRR4292195.bam,-0.116525,0.11757,2
SRR4292196.bam,0.295018,0.0342599,2
SRR4292197.bam,-0.162924,0.273423,2
SRR4292198.bam,-0.107424,0.0876472,2
SRR4292199.bam,-0.044255,-0.0778175,2
SRR4292200.bam,-0.0326109,-0.0836921,2
SRR4292201.bam,-0.00354964,-0.220622,2
SRR4292202.bam,-0.0763218,0.0276515,2
SRR4292203.bam,-0.0622531,-0.0185566,2
SRR4292204.bam,0.0408972,-0.112539,2
SRR4292205.bam,-0.0402648,-0.0906816,2
SRR4292207.bam,-0.0421448,-0.0823961,2
SRR4292208.bam,0.00360616,-0.203551,2
SRR4292209.bam,-0.00395981,-0.220664,2
SRR4292210.bam,-0.0626438,0.0206296,2
SRR4292211.bam,-0.0952578,0.112156,2
SRR4292212.bam,0.0411858,-0.10969,2
SRR4292213.bam,0.426552,0.199056,2
SRR4292214.bam,-0.114403,0.199908,2
SRR4292215.bam,-0.0814367,-0.0222269,2
SRR4292216.bam,0.293785,0.0360685,2
SRR4292217.bam,-0.0306169,-0.0864017,2
SRR4292218.bam,-0.111734,0.131217,2
SRR4292219.bam,-0.0395761,-0.0767456,2
SRR4292220.bam,0.0299303,0.0416555,2
SRR4292221.bam,-0.0921814,0.136911,2
SRR4292222.bam,-0.0703343,-0.0579229,2
SRR4292223.bam,0.296295,0.0387001,2
SRR4292224.bam,-0.144892,0.258101,2
SRR4292225.bam,-0.0700344,-0.0557763,2
SRR4292226.bam,-0.0034612,-0.221596,2
SRR4292227.bam,-0.0420438,-0.0843907,2
SRR4292228.bam,-0.0957679,0.112967,2
SRR4292229.bam,-0.00387421,-0.222137,2
SRR4292230.bam,-0.0438061,-0.0789513,2
SRR4292182.bam,-0.240698,0.105143,3
SRR4292183.bam,0.0733266,-0.140631,3
SRR4292184.bam,-0.0252919,-0.273679,3
SRR4292185.bam,-0.227882,0.107264,3
SRR4292186.bam,0.076234,0.133993,3
SRR4292187.bam,-0.0598447,0.122045,3
SRR4292188.bam,0.132398,-0.0881115,3
SRR4292189.bam,0.238021,0.101903,3
SRR4292190.bam,-0.0873382,0.151609,3
SRR4292191.bam,0.135196,-0.0639592,3
SRR4292192.bam,0.0787776,0.138495,3
SRR4292193.bam,-0.157552,0.112875,3
SRR4292194.bam,0.145346,-0.0474354,3
SRR4292195.bam,-0.0267511,-0.299362,3
SRR4292196.bam,0.0433671,0.0425793,3
SRR4292197.bam,-0.0657368,0.156384,3
SRR4292198.bam,0.133508,-0.0880681,3
SRR4292199.bam,0.150767,-0.0321809,3
SRR4292200.bam,-0.0832592,-0.23729,3
SRR4292201.bam,-0.221149,0.0959436,3
SRR4292202.bam,0.0817255,0.119257,3
SRR4292203.bam,-0.0216245,-0.268011,3
SRR4292204.bam,-0.183814,-0.0457752,3
SRR4292205.bam,-0.046423,-0.145841,3
SRR4292207.bam,0.112861,-0.065709,3
SRR4292208.bam,0.273675,0.155754,3
SRR4292209.bam,-0.185042,-0.0479092,3
SRR4292210.bam,0.278955,0.154524,3
SRR4292211.bam,-0.059454,-0.205588,3
SRR4292212.bam,-0.242062,0.0908913,3
SRR4292213.bam,0.0991765,-0.134315,3
SRR4292214.bam,-0.062529,0.143994,3
SRR4292215.bam,0.13148,-0.0885033,3
SRR4292216.bam,0.234311,0.0963959,3
SRR4292217.bam,0.0339003,0.147913,3
SRR4292218.bam,-0.0856525,0.155397,3
SRR4292219.bam,0.181489,-0.00884091,3
SRR4292220.bam,0.046872,0.0773498,3
SRR4292221.bam,-0.0661887,0.142628,3
SRR4292222.bam,-0.0248307,-0.304267,3
SRR4292223.bam,0.237135,0.100979,3
SRR4292224.bam,-0.0801483,0.161178,3
SRR4292225.bam,0.0371612,-0.196152,3
SRR4292226.bam,-0.238226,0.0879362,3
SRR4292227.bam,-0.144378,0.0307584,3
SRR4292228.bam,-0.0763483,-0.216373,3
SRR4292229.bam,-0.179495,-0.043275,3
SRR4292230.bam,0.00499549,0.11272,3
SRR4292182.bam,0.114976,0.0415956,4
SRR4292183.bam,-0.151093,-0.0425925,4
SRR4292184.bam,-0.337956,0.0243736,4
SRR4292185.bam,0.116491,0.0411444,4
SRR4292186.bam,0.119927,-0.0814392,4
SRR4292187.bam,0.151251,-0.0512315,4
SRR4292188.bam,0.134941,-0.109373,4
SRR4292189.bam,0.106718,-0.068759,4
SRR4292190.bam,0.170351,-0.0431508,4
SRR4292191.bam,-0.143159,-0.0915683,4
SRR4292192.bam,-0.151981,-0.0798242,4
SRR4292193.bam,0.158642,-0.0558424,4
SRR4292194.bam,0.131545,0.0768675,4
SRR4292195.bam,-0.137881,-0.0963341,4
SRR4292196.bam,0.106758,-0.069409,4
SRR4292197.bam,-0.141521,-0.0496175,4
SRR4292198.bam,0.13013,-0.110939,4
SRR4292199.bam,-0.149576,-0.0569535,4
SRR4292200.bam,0.0781322,0.486247,4
SRR4292201.bam,0.113734,0.074711,4
SRR4292202.bam,0.121609,-0.0685045,4
SRR4292203.bam,-0.157794,0.0695164,4
SRR4292204.bam,-0.150859,-0.048308,4
SRR4292205.bam,-0.151826,-0.0504424,4
SRR4292207.bam,0.11433,-0.0679019,4
SRR4292208.bam,0.127274,0.0794987,4
SRR4292209.bam,-0.151059,-0.0483534,4
SRR4292210.bam,-0.152009,-0.0577781,4
SRR4292211.bam,0.0959984,0.0503458,4
SRR4292212.bam,-0.149689,-0.0446962,4
SRR4292213.bam,-0.151585,-0.0810436,4
SRR4292214.bam,0.131759,-0.114918,4
SRR4292215.bam,0.129831,-0.109822,4
SRR4292216.bam,-0.150098,-0.0838755,4
SRR4292217.bam,0.0796994,0.529832,4
SRR4292218.bam,0.155195,-0.0741274,4
SRR4292219.bam,-0.139686,-0.098002,4
SRR4292220.bam,-0.147745,-0.0789521,4
SRR4292221.bam,0.127787,-0.117473,4
SRR4292222.bam,0.131421,-0.10954,4
SRR4292223.bam,-0.150078,-0.0813889,4
SRR4292224.bam,0.154553,-0.0463052,4
SRR4292225.bam,0.131154,-0.104505,4
SRR4292226.bam,0.113906,0.0417483,4
SRR4292227.bam,-0.175549,0.284306,4
SRR4292228.bam,-0.181228,0.299765,4
SRR4292229.bam,-0.142482,0.0267574,4
SRR4292230.bam,0.0864599,0.27082,4
SRR4292182.bam,-0.130007,-0.0779485,5
SRR4292183.bam,0.113059,-0.0128659,5
SRR4292184.bam,0.0824254,-0.0619204,5
SRR4292185.bam,0.0851598,-0.181727,5
SRR4292186.bam,0.0831541,-0.169544,5
SRR4292187.bam,0.138377,0.317442,5
SRR4292188.bam,0.142446,-0.11359,5
SRR4292189.bam,-0.27738,-0.0207605,5
SRR4292190.bam,0.14185,0.318564,5
SRR4292191.bam,0.167565,0.0176667,5
SRR4292192.bam,-0.130471,-0.082728,5
SRR4292193.bam,0.142734,0.265412,5
SRR4292194.bam,0.134539,0.0145337,5
SRR4292195.bam,0.140607,-0.115238,5
SRR4292196.bam,-0.121843,-0.0449203,5
SRR4292197.bam,-0.0711942,0.340402,5
SRR4292198.bam,0.171589,0.00033997,5
SRR4292199.bam,0.110436,0.0733982,5
SRR4292200.bam,-0.111352,-0.00348066,5
SRR4292201.bam,-0.124809,-0.0697148,5
SRR4292202.bam,-0.250696,-0.00966662,5
SRR4292203.bam,0.121185,-0.126288,5
SRR4292204.bam,0.0856032,-0.179785,5
SRR4292205.bam,-0.0955879,0.0351916,5
SRR4292207.bam,-0.129161,0.0945324,5
SRR4292208.bam,0.124881,-0.175377,5
SRR4292209.bam,-0.117793,-0.0977407,5
SRR4292210.bam,-0.113296,0.130761,5
SRR4292211.bam,-0.251543,0.0490572,5
SRR4292212.bam,0.0820487,-0.178216,5
SRR4292213.bam,0.0806564,-0.163403,5
SRR4292214.bam,-0.0728007,0.310317,5
SRR4292215.bam,0.173435,-9.63405e-05,5
SRR4292216.bam,-0.279559,-0.00223443,5
SRR4292217.bam,-0.122148,-0.0314757,5
SRR4292218.bam,-0.102351,0.228212,5
SRR4292219.bam,0.160722,0.0104826,5
SRR4292220.bam,-0.13005,-0.0824421,5
SRR4292221.bam,0.12582,0.275406,5
SRR4292222.bam,0.126717,-0.196541,5
SRR4292223.bam,-0.261727,-0.0530905,5
SRR4292224.bam,0.0746304,0.0909603,5
SRR4292225.bam,0.134656,-0.0908125,5
SRR4292226.bam,-0.132051,-0.077106,5
SRR4292227.bam,-0.0940632,-0.0718217,5
SRR4292228.bam,0.172678,0.0506741,5
SRR4292229.bam,-0.111795,-0.103414,5
SRR4292230.bam,0.126949,-0.0452678,5
SRR4292182.bam,-0.1026,0.19982,6
SRR4292183.bam,-0.104858,0.14577,6
SRR4292184.bam,0.146843,-0.0864699,6
SRR4292185.bam,-0.0979172,0.164857,6
SRR4292186.bam,-0.0866614,-0.00377144,6
SRR4292187.bam,0.142558,-0.00689367,6
SRR4292188.bam,-0.100772,-0.232349,6
SRR4292189.bam,0.165769,0.0849959,6
SRR4292190.bam,0.140142,-0.0194288,6
SRR4292191.bam,-0.0969318,-0.233117,6
SRR4292192.bam,0.378651,0.0342266,6
SRR4292193.bam,0.139905,-0.0197807,6
SRR4292194.bam,0.35597,0.0519132,6
SRR4292195.bam,-0.100662,-0.214856,6
SRR4292196.bam,0.162576,0.082764,6
SRR4292197.bam,-0.0955595,-0.219206,6
SRR4292198.bam,-0.0994526,-0.140449,6
SRR4292199.bam,-0.102109,0.107543,6
SRR4292200.bam,0.163577,-0.0885947,6
SRR4292201.bam,-0.101781,0.196227,6
SRR4292202.bam,-0.103034,0.110724,6
SRR4292203.bam,0.157275,-0.0703443,6
SRR4292204.bam,-0.102864,0.137072,6
SRR4292205.bam,-0.103658,0.1185,6
SRR4292207.bam,-0.0764976,0.187035,6
SRR4292208.bam,-0.0868428,-0.147484,6
SRR4292209.bam,-0.103161,0.204611,6
SRR4292210.bam,-0.0956067,0.105591,6
SRR4292211.bam,0.351673,0.0388825,6
SRR4292212.bam,-0.10514,0.131141,6
SRR4292213.bam,0.157574,0.0149002,6
SRR4292214.bam,-0.0946855,-0.219388,6
SRR4292215.bam,-0.0994167,-0.144245,6
SRR4292216.bam,0.161468,0.0110441,6
SRR4292217.bam,0.153688,-0.0878396,6
SRR4292218.bam,0.140367,-0.127759,6
SRR4292219.bam,-0.100056,-0.238325,6
SRR4292220.bam,-0.0895113,-0.00635778,6
SRR4292221.bam,-0.0883237,-0.122244,6
SRR4292222.bam,-0.102875,-0.23779,6
SRR4292223.bam,0.162123,0.0122062,6
SRR4292224.bam,-0.0865139,-0.00261543,6
SRR4292225.bam,-0.103073,-0.250967,6
SRR4292226.bam,-0.100216,0.191545,6
SRR4292227.bam,-0.0817291,0.213121,6
SRR4292228.bam,-0.0943629,-0.0723974,6
SRR4292229.bam,-0.102548,0.199043,6
SRR4292230.bam,-0.0737009,0.122289,6
SRR4292182.bam,-0.105716,-0.0174101,7
SRR4292183.bam,-0.112057,0.246697,7
SRR4292184.bam,0.177773,0.298443,7
SRR4292185.bam,-0.113844,0.0194727,7
SRR4292186.bam,0.18435,0.0323891,7
SRR4292187.bam,-0.109247,0.0179957,7
SRR4292188.bam,0.211666,-0.216354,7
SRR4292189.bam,-0.100065,-0.102134,7
SRR4292190.bam,-0.10653,-0.04428,7
SRR4292191.bam,0.212174,-0.183189,7
SRR4292192.bam,-0.0988359,-0.0765436,7
SRR4292193.bam,-0.108873,-0.0416946,7
SRR4292194.bam,-0.105574,0.226929,7
SRR4292195.bam,0.215635,-0.214572,7
SRR4292196.bam,-0.0991178,-0.101781,7
SRR4292197.bam,-0.115614,0.0442774,7
SRR4292198.bam,0.215276,-0.203529,7
SRR4292199.bam,-0.0999473,0.145847,7
SRR4292200.bam,-0.0949288,-0.0508126,7
SRR4292201.bam,-0.108937,-0.013038,7
SRR4292202.bam,-0.094091,-0.102383,7
SRR4292203.bam,0.187587,0.295128,7
SRR4292204.bam,-0.110672,0.0310965,7
SRR4292205.bam,-0.106309,-0.00102115,7
SRR4292207.bam,-0.102621,0.159474,7
SRR4292208.bam,0.18543,0.292766,7
SRR4292209.bam,-0.115414,0.0647757,7
SRR4292210.bam,0.186048,0.0999171,7
SRR4292211.bam,0.182064,0.1287,7
SRR4292212.bam,-0.103688,-0.036825,7
SRR4292213.bam,-0.100539,-0.0838677,7
SRR4292214.bam,-0.103103,-0.108151,7
SRR4292215.bam,0.210129,-0.207869,7
SRR4292216.bam,-0.0990998,-0.102406,7
SRR4292217.bam,-0.0991308,0.00322774,7
SRR4292218.bam,-0.101653,-0.143945,7
SRR4292219.bam,0.217841,-0.207385,7
SRR4292220.bam,-0.0990935,-0.0843062,7
SRR4292221.bam,-0.108898,-0.0310261,7
SRR4292222.bam,-0.0822913,-0.16204,7
SRR4292223.bam,0.187259,0.00732036,7
SRR4292224.bam,-0.117927,0.0735596,7
SRR4292225.bam,0.215442,-0.215446,7
SRR4292226.bam,-0.10809,-0.0169661,7
SRR4292227.bam,0.186418,0.0750453,7
SRR4292228.bam,0.17745,0.309757,7
SRR4292229.bam,-0.11117,0.0275511,7
SRR4292230.bam,0.184782,0.0745573,7
SRR4292182.bam,0.131937,0.308085,8
SRR4292183.bam,0.103834,0.271395,8
SRR4292184.bam,0.17731,-0.118263,8
SRR4292185.bam,-0.00280121,0.194115,8
SRR4292186.bam,-0.0940289,-0.0561778,8
SRR4292187.bam,0.0506369,-0.145657,8
SRR4292188.bam,0.0627715,-0.218569,8
SRR4292189.bam,-0.0819788,0.105438,8
SRR4292190.bam,0.0488283,-0.217281,8
SRR4292191.bam,0.161987,-0.0953387,8
SRR4292192.bam,-0.0835644,-0.0516294,8
SRR4292193.bam,0.0794585,-0.193077,8
SRR4292194.bam,-0.29321,-0.0695309,8
SRR4292195.bam,0.180976,-0.143822,8
SRR4292196.bam,-0.246001,-0.0706344,8
SRR4292197.bam,0.15088,0.0583989,8
SRR4292198.bam,0.17419,-0.109067,8
SRR4292199.bam,0.150412,0.0878211,8
SRR4292200.bam,-0.185962,-0.0655438,8
SRR4292201.bam,0.125291,0.289054,8
SRR4292202.bam,-0.128735,-0.0563089,8
SRR4292203.bam,-0.0836826,-0.101298,8
SRR4292204.bam,-0.00844643,0.164074,8
SRR4292205.bam,-0.155326,0.147528,8
SRR4292207.bam,-0.0933444,0.124872,8
SRR4292208.bam,-0.299366,-0.072709,8
SRR4292209.bam,-0.00734896,0.203155,8
SRR4292210.bam,-0.384445,0.00503529,8
SRR4292211.bam,0.168349,-0.0926203,8
SRR4292212.bam,-0.006994,0.183845,8
SRR4292213.bam,-0.0738984,-0.0513294,8
SRR4292214.bam,0.0685772,0.108079,8
SRR4292215.bam,0.16473,-0.113501,8
SRR4292216.bam,-0.245053,-0.0704872,8
SRR4292217.bam,0.169341,-0.103099,8
SRR4292218.bam,0.0326845,0.0124673,8
SRR4292219.bam,0.1704,-0.131315,8
SRR4292220.bam,-0.0762614,-0.0524431,8
SRR4292221.bam,0.151103,0.0606089,8
SRR4292222.bam,0.0608809,-0.162409,8
SRR4292223.bam,-0.0631557,0.102977,8
SRR4292224.bam,0.0825446,-0.206372,8
SRR4292225.bam,0.0560477,-0.197553,8
SRR4292226.bam,-0.00364102,0.209371,8
SRR4292227.bam,0.0482166,0.173554,8
SRR4292228.bam,-0.0827449,-0.0985942,8
SRR4292229.bam,-0.123572,0.0506434,8
SRR4292230.bam,0.147962,0.144046,8
SRR4292182.bam,0.020492,0.0795876,9
SRR4292183.bam,0.0125053,-0.0546553,9
SRR4292184.bam,-0.242709,-0.0998927,9
SRR4292185.bam,0.0197907,0.0474687,9
SRR4292186.bam,0.0630963,-0.0969866,9
SRR4292187.bam,0.0890393,0.21173,9
SRR4292188.bam,0.19276,-0.000494575,9
SRR4292189.bam,0.0117614,-0.0928979,9
SRR4292190.bam,0.097497,0.148354,9
SRR4292191.bam,-0.043681,0.221471,9
SRR4292192.bam,0.0390271,-0.0985694,9
SRR4292193.bam,0.103768,0.0823595,9
SRR4292194.bam,-0.242182,-0.0957405,9
SRR4292195.bam,0.0716821,-0.0211149,9
SRR4292196.bam,0.144189,-0.157207,9
SRR4292197.bam,0.219424,-0.0783111,9
SRR4292198.bam,0.186586,-0.0740545,9
SRR4292199.bam,-0.103172,-0.131474,9
SRR4292200.bam,-0.284414,-0.11807,9
SRR4292201.bam,0.0202723,0.114857,9
SRR4292202.bam,-0.152917,0.0539284,9
SRR4292203.bam,-0.253419,-0.0941784,9
SRR4292204.bam,0.03544,0.0512589,9
SRR4292205.bam,-0.103779,-0.133412,9
SRR4292207.bam,0.0235569,-0.0485823,9
SRR4292208.bam,-0.244472,-0.0871674,9
SRR4292209.bam,-0.125781,0.170524,9
SRR4292210.bam,-0.0161193,-0.080529,9
SRR4292211.bam,-0.228741,-0.0978388,9
SRR4292212.bam,0.165308,0.0185396,9
SRR4292213.bam,0.192802,-0.159314,9
SRR4292214.bam,0.220559,-0.0930318,9
SRR4292215.bam,0.0745576,-0.0141807,9
SRR4292216.bam,0.0131582,-0.0929658,9
SRR4292217.bam,-0.0944985,-0.0127687,9
SRR4292218.bam,0.222001,-0.0275824,9
SRR4292219.bam,0.0759945,0.0601408,9
SRR4292220.bam,0.187587,-0.1831,9
SRR4292221.bam,-0.0413729,0.408776,9
SRR4292222.bam,-0.0622158,0.469476,9
SRR4292223.bam,0.0321449,-0.100448,9
SRR4292224.bam,0.0780007,0.217131,9
SRR4292225.bam,0.0783668,0.234951,9
SRR4292226.bam,-0.13228,0.181078,9
SRR4292227.bam,-0.131919,0.00422826,9
SRR4292228.bam,-0.283567,-0.10875,9
SRR4292229.bam,0.0184073,0.00607245,9
SRR4292230.bam,0.163779,-0.156396,9
SRR4292182.bam,-0.0164704,0.11842,10
SRR4292183.bam,-0.15573,-0.0745187,10
SRR4292184.bam,-0.156284,-0.013911,10
SRR4292185.bam,0.134137,0.10087,10
SRR4292186.bam,0.0314647,-0.131143,10
SRR4292187.bam,0.266066,-0.131218,10
SRR4292188.bam,0.136692,0.283966,10
SRR4292189.bam,0.0298583,-0.133214,10
SRR4292190.bam,0.207711,-0.17739,10
SRR4292191.bam,0.106916,0.235711,10
SRR4292192.bam,0.00345328,-0.000467334,10
SRR4292193.bam,0.224702,-0.18701,10
SRR4292194.bam,-0.173694,0.118285,10
SRR4292195.bam,0.0027807,0.215297,10
SRR4292196.bam,0.162819,0.0327889,10
SRR4292197.bam,0.265951,-0.197793,10
SRR4292198.bam,0.134196,0.270339,10
SRR4292199.bam,-0.169085,-0.0272966,10
SRR4292200.bam,-0.128958,-0.147972,10
SRR4292201.bam,0.0207298,0.0187723,10
SRR4292202.bam,-0.162637,-0.0368997,10
SRR4292203.bam,-0.161566,-0.0121279,10
SRR4292204.bam,-0.0164194,0.123303,10
SRR4292205.bam,-0.160541,-0.0858723,10
SRR4292207.bam,-0.15509,-0.0739581,10
SRR4292208.bam,-0.16264,-0.0140602,10
SRR4292209.bam,-0.0150221,0.117884,10
SRR4292210.bam,-0.14856,-0.13142,10
SRR4292211.bam,-0.157651,-0.0119723,10
SRR4292212.bam,0.12937,0.10009,10
SRR4292213.bam,0.0338255,-0.130107,10
SRR4292214.bam,0.255069,-0.154507,10
SRR4292215.bam,0.12632,0.251933,10
SRR4292216.bam,0.0202919,-0.114238,10
SRR4292217.bam,-0.160485,-0.0254121,10
SRR4292218.bam,0.0895081,-0.202492,10
SRR4292219.bam,0.11608,0.267557,10
SRR4292220.bam,0.00412375,0.00477928,10
SRR4292221.bam,0.0954343,-0.181797,10
SRR4292222.bam,0.140836,0.261872,10
SRR4292223.bam,0.167368,0.0343016,10
SRR4292224.bam,0.218672,-0.184625,10
SRR4292225.bam,-0.0140357,0.178767,10
SRR4292226.bam,-0.137086,0.0138471,10
SRR4292227.bam,-0.136618,-0.124243,10
SRR4292228.bam,-0.168952,0.120457,10
SRR4292229.bam,-0.163318,0.111881,10
SRR4292230.bam,-0.158384,-0.0739853,10
SRR4292182.bam,-0.17422,0.0656569,11
SRR4292183.bam,0.0889437,0.0802723,11
SRR4292184.bam,-0.164665,0.0374368,11
SRR4292185.bam,-0.176701,0.0675697,11
SRR4292186.bam,-0.149073,0.0342191,11
SRR4292187.bam,0.0926425,0.0971764,11
SRR4292188.bam,0.0958538,-0.427099,11
SRR4292189.bam,0.111526,0.0770421,11
SRR4292190.bam,0.0901007,0.0982466,11
SRR4292191.bam,-0.0134394,-0.248882,11
SRR4292192.bam,0.0942074,0.0843138,11
SRR4292193.bam,0.324057,0.0896755,11
SRR4292194.bam,0.313683,0.0889052,11
SRR4292195.bam,-0.157248,-0.0238612,11
SRR4292196.bam,0.0215359,-0.0542824,11
SRR4292197.bam,0.0955308,0.102647,11
SRR4292198.bam,-0.0243468,-0.256535,11
SRR4292199.bam,-0.172102,0.0373909,11
SRR4292200.bam,-0.163353,0.0345552,11
SRR4292201.bam,-0.174179,0.0800436,11
SRR4292202.bam,0.0909578,0.0856123,11
SRR4292203.bam,0.0940476,0.0786491,11
SRR4292204.bam,-0.165414,0.0646295,11
SRR4292205.bam,-0.173662,0.0368525,11
SRR4292207.bam,0.0922958,0.0865533,11
SRR4292208.bam,0.0935347,0.0771676,11
SRR4292209.bam,-0.16196,0.0379708,11
SRR4292210.bam,0.0490773,-0.297765,11
SRR4292211.bam,0.0948395,0.0786669,11
SRR4292212.bam,-0.171512,0.0653035,11
SRR4292213.bam,0.0968345,0.0815507,11
SRR4292214.bam,0.0959494,0.100733,11
SRR4292215.bam,-0.0230803,-0.258238,11
SRR4292216.bam,0.109206,0.0755268,11
SRR4292217.bam,0.20418,-0.106038,11
SRR4292218.bam,-0.16172,0.0727662,11
SRR4292219.bam,0.0841674,-0.379612,11
SRR4292220.bam,0.0965819,0.0832886,11
SRR4292221.bam,-0.159619,0.0655185,11
SRR4292222.bam,-0.00913737,-0.286061,11
SRR4292223.bam,0.319917,0.0893426,11
SRR4292224.bam,0.0947786,0.086434,11
SRR4292225.bam,-0.02402,-0.254019,11
SRR4292226.bam,-0.172013,0.0797033,11
SRR4292227.bam,-0.0484915,-0.167245,11
SRR4292228.bam,-0.165244,0.0403146,11
SRR4292229.bam,-0.172945,0.0639826,11
SRR4292230.bam,0.08919,0.069526,11
SRR4292182.bam,-0.262013,-0.167612,12
SRR4292183.bam,-0.0641554,0.0116429,12
SRR4292184.bam,0.122676,0.342736,12
SRR4292185.bam,-0.268208,-0.141027,12
SRR4292186.bam,0.127227,0.0528204,12
SRR4292187.bam,0.128018,-0.147037,12
SRR4292188.bam,-0.0629226,-0.0510303,12
SRR4292189.bam,0.124989,0.00387239,12
SRR4292190.bam,0.127273,-0.132315,12
SRR4292191.bam,0.122212,-0.0893615,12
SRR4292192.bam,0.130987,-0.0078642,12
SRR4292193.bam,0.133262,-0.149341,12
SRR4292194.bam,-0.0704727,0.0342153,12
SRR4292195.bam,0.131073,-0.0890562,12
SRR4292196.bam,0.123027,0.000830727,12
SRR4292197.bam,0.134613,-0.076002,12
SRR4292198.bam,0.129362,-0.0730221,12
SRR4292199.bam,-0.0817713,0.0713229,12
SRR4292200.bam,0.12423,0.40178,12
SRR4292201.bam,-0.0789382,-0.129594,12
SRR4292202.bam,-0.246796,0.0232026,12
SRR4292203.bam,0.120954,0.148615,12
SRR4292204.bam,-0.0749789,-0.142397,12
SRR4292205.bam,-0.0817603,0.0298366,12
SRR4292207.bam,-0.245297,0.170169,12
SRR4292208.bam,-0.0716577,0.300957,12
SRR4292209.bam,-0.25223,-0.129479,12
SRR4292210.bam,0.117362,0.248597,12
SRR4292211.bam,-0.230961,0.352418,12
SRR4292212.bam,0.117748,-0.158538,12
SRR4292213.bam,0.126631,-0.00515109,12
SRR4292214.bam,0.131941,-0.0992827,12
SRR4292215.bam,-0.0626011,-0.0533523,12
SRR4292216.bam,0.129907,0.042594,12
SRR4292217.bam,-0.0702828,0.171869,12
SRR4292218.bam,0.12869,-0.125764,12
SRR4292219.bam,-0.0639527,-0.0867246,12
SRR4292220.bam,0.131637,-0.0134759,12
SRR4292221.bam,0.129148,-0.119921,12
SRR4292222.bam,0.129127,-0.0327144,12
SRR4292223.bam,0.127981,0.0170248,12
SRR4292224.bam,0.131133,-0.116263,12
SRR4292225.bam,-0.0651649,-0.00384804,12
SRR4292226.bam,-0.261137,-0.133284,12
SRR4292227.bam,-0.0835807,0.0337652,12
SRR4292228.bam,-0.0718559,0.168585,12
SRR4292229.bam,-0.260138,-0.143199,12
SRR4292230.bam,-0.0863488,0.00884425,12
SRR4292182.bam,-0.133793,0.0627418,13
SRR4292183.bam,-0.310285,-0.0693905,13
SRR4292184.bam,0.125016,0.123592,13
SRR4292185.bam,0.104843,0.0346309,13
SRR4292186.bam,0.12564,-0.0686763,13
SRR4292187.bam,0.120206,-0.218881,13
SRR4292188.bam,-0.130794,-0.137478,13
SRR4292189.bam,0.125509,0.00929247,13
SRR4292190.bam,0.114667,-0.202562,13
SRR4292191.bam,-0.149371,-0.114995,13
SRR4292192.bam,0.13562,-0.0799648,13
SRR4292193.bam,0.115771,-0.250003,13
SRR4292194.bam,0.125099,0.113395,13
SRR4292195.bam,-0.140073,-0.109474,13
SRR4292196.bam,0.126567,-0.0237968,13
SRR4292197.bam,-0.132209,-0.126549,13
SRR4292198.bam,-0.332988,-0.184536,13
SRR4292199.bam,0.0713205,0.315101,13
SRR4292200.bam,0.129401,0.119302,13
SRR4292201.bam,-0.118125,-0.0183453,13
SRR4292202.bam,0.120741,0.163983,13
SRR4292203.bam,0.134167,0.124951,13
SRR4292204.bam,0.106631,0.0402297,13
SRR4292205.bam,0.067991,0.333236,13
SRR4292207.bam,-0.160808,0.194571,13
SRR4292208.bam,0.141407,0.0879539,13
SRR4292209.bam,-0.135511,0.0775714,13
SRR4292210.bam,-0.18454,0.355573,13
SRR4292211.bam,0.116183,0.0804882,13
SRR4292212.bam,-0.139754,0.117023,13
SRR4292213.bam,0.124029,-0.0800476,13
SRR4292214.bam,0.109863,-0.167799,13
SRR4292215.bam,-0.147655,-0.167982,13
SRR4292216.bam,0.126251,-0.0798296,13
SRR4292217.bam,-0.109517,0.0579724,13
SRR4292218.bam,-0.130105,-0.130591,13
SRR4292219.bam,0.0976826,0.0547909,13
SRR4292220.bam,0.121049,-0.0815089,13
SRR4292221.bam,0.113582,-0.207111,13
SRR4292222.bam,0.108565,0.000106664,13
SRR4292223.bam,0.125301,-0.0858007,13
SRR4292224.bam,0.117714,-0.22102,13
SRR4292225.bam,-0.13641,-0.112679,13
SRR4292226.bam,-0.28809,0.0213835,13
SRR4292227.bam,-0.107041,0.0563845,13
SRR4292228.bam,0.130154,0.0766888,13
SRR4292229.bam,-0.135511,0.115166,13
SRR4292230.bam,-0.11235,0.0590855,13
SRR4292182.bam,-0.149836,0.0678036,14
SRR4292183.bam,0.109733,0.181944,14
SRR4292184.bam,-0.141042,0.0430766,14
SRR4292185.bam,-0.140083,0.0744225,14
SRR4292186.bam,-0.0641422,-0.318762,14
SRR4292187.bam,0.133814,-0.0572272,14
SRR4292188.bam,-0.0562881,0.162576,14
SRR4292189.bam,-0.0828623,-0.207985,14
SRR4292190.bam,0.258589,-0.0669186,14
SRR4292191.bam,0.0961846,0.00357886,14
SRR4292192.bam,-0.0531535,-0.333869,14
SRR4292193.bam,0.264837,-0.0619182,14
SRR4292194.bam,-0.0979377,0.0560956,14
SRR4292195.bam,0.128464,0.241354,14
SRR4292196.bam,-0.0509838,-0.222232,14
SRR4292197.bam,0.226218,-0.0638242,14
SRR4292198.bam,-0.070943,-0.122641,14
SRR4292199.bam,0.1269,0.176257,14
SRR4292200.bam,-0.107835,0.0542852,14
SRR4292201.bam,-0.15084,0.0668785,14
SRR4292202.bam,0.113184,0.112887,14
SRR4292203.bam,-0.110587,0.0492903,14
SRR4292204.bam,-0.153933,0.0672461,14
SRR4292205.bam,0.245513,0.248521,14
SRR4292207.bam,-0.00530715,0.182543,14
SRR4292208.bam,-0.114668,0.0318541,14
SRR4292209.bam,-0.153371,0.0677298,14
SRR4292210.bam,0.176079,0.00550346,14
SRR4292211.bam,-0.132004,0.0668154,14
SRR4292212.bam,-0.149652,0.0681997,14
SRR4292213.bam,-0.051923,-0.236788,14
SRR4292214.bam,0.286707,-0.109023,14
SRR4292215.bam,0.11165,0.062563,14
SRR4292216.bam,-0.0661009,-0.24157,14
SRR4292217.bam,-0.149751,0.0575604,14
SRR4292218.bam,0.250284,-0.062045,14
SRR4292219.bam,-0.0746142,-0.13845,14
SRR4292220.bam,-0.0730844,-0.181939,14
SRR4292221.bam,0.295578,-0.0934513,14
SRR4292222.bam,-0.0772635,0.184457,14
SRR4292223.bam,-0.0857537,-0.268228,14
SRR4292224.bam,0.136028,-0.0699338,14
SRR4292225.bam,-0.0732579,0.186391,14
SRR4292226.bam,-0.154938,0.0739363,14
SRR4292227.bam,0.0821431,0.0724301,14
SRR4292228.bam,-0.118356,0.0478211,14
SRR4292229.bam,-0.15277,0.0749693,14
SRR4292230.bam,0.0506274,0.00341895,14
